CVE_ID,CVSS_Score,CVSS_Version,Severity,Description,Published_Date,EPSS_Score,EPSS_Percentile,KEV
CVE-2021-45945,,,,Rejected reason: DO NOT USE THIS CANDIDATE NUMBER. ConsultIDs: none. Reason: This candidate was withdrawn by its CNA. Further investigation showed that it was not a security issue. Notes: none,2022-01-01T00:15:08.230,,,0
CVE-2021-45959,,,,Rejected reason: DO NOT USE THIS CANDIDATE NUMBER. ConsultIDs: none. Reason: This candidate was withdrawn by its CNA. Further investigation showed that it was not a security issue. Notes: none,2022-01-01T00:15:08.860,,,0
CVE-2021-45817,,,,Rejected reason: DO NOT USE THIS CANDIDATE NUMBER. ConsultIDs: CVE-2018-11689. Reason: This candidate is a duplicate of CVE-2018-11689. Notes: All CVE users should reference CVE-2018-11689 instead of this candidate. All references and descriptions in this candidate have been removed to prevent accidental usage,2022-01-03T16:15:07.787,,,0
CVE-2021-41610,,,,Rejected reason: DO NOT USE THIS CANDIDATE NUMBER. ConsultIDs: CVE-2020-27339. Reason: This candidate is a reservation duplicate of CVE-2020-27339. Notes: All CVE users should reference CVE-2020-27339 instead of this candidate. All references and descriptions in this candidate have been removed to prevent accidental usage,2022-01-04T20:15:07.497,,,0
CVE-2021-46058,,,,Rejected reason: DO NOT USE THIS CANDIDATE NUMBER. ConsultIDs: none. Reason: This candidate was withdrawn by its CNA. Further investigation showed that it was not a security issue. Notes: none,2022-01-10T14:11:23.560,,,0
CVE-2021-46059,,,,Rejected reason: DO NOT USE THIS CANDIDATE NUMBER. ConsultIDs: none. Reason: This candidate was withdrawn by its CNA. Further investigation showed that it was not a security issue. Notes: none,2022-01-10T14:11:24.203,,,0
CVE-2021-46060,,,,Rejected reason: DO NOT USE THIS CANDIDATE NUMBER. ConsultIDs: none. Reason: This candidate was withdrawn by its CNA. Further investigation showed that it was not a security issue. Notes: none,2022-01-10T14:11:24.873,,,0
CVE-2021-38892,,,,Rejected reason: DO NOT USE THIS CANDIDATE NUMBER. ConsultIDs: none. Reason: This candidate was withdrawn by its CNA. Further investigation showed that it was not a security issue. Notes: none,2022-01-12T17:15:08.130,,,0
CVE-2021-45388,,,,Rejected reason: DO NOT USE THIS CANDIDATE NUMBER. ConsultIDs: CVE-2021-45608. Reason: This candidate is a reservation duplicate of CVE-2021-45608. Notes: All CVE users should reference CVE-2021-45608 instead of this candidate. All references and descriptions in this candidate have been removed to prevent accidental usage,2022-01-12T17:15:08.280,,,0
CVE-2022-22122,,,,Rejected reason: DO NOT USE THIS CANDIDATE NUMBER. ConsultIDs: None. Reason: This candidate is a reservation duplicate of [CVE-2021-37866]. Notes: All CVE users should reference [CVE-2021-37866] instead of this candidate. All references and descriptions in this candidate have been removed to prevent accidental usage,2022-01-13T17:15:07.743,,,0
CVE-2020-12907,,,,Rejected reason: DO NOT USE THIS CANDIDATE NUMBER. ConsultIDs: none. Reason: This candidate was in a CNA pool that was not assigned to any issues during 2020. Notes: none,2022-01-14T17:15:08.933,,,0
CVE-2020-12908,,,,Rejected reason: DO NOT USE THIS CANDIDATE NUMBER. ConsultIDs: none. Reason: This candidate was in a CNA pool that was not assigned to any issues during 2020. Notes: none,2022-01-14T17:15:08.977,,,0
CVE-2020-12918,,,,Rejected reason: DO NOT USE THIS CANDIDATE NUMBER. ConsultIDs: none. Reason: This candidate was in a CNA pool that was not assigned to any issues during 2020. Notes: none,2022-01-14T17:15:09.017,,,0
CVE-2020-12934,,,,Rejected reason: DO NOT USE THIS CANDIDATE NUMBER. ConsultIDs: none. Reason: This candidate was in a CNA pool that was not assigned to any issues during 2020. Notes: none,2022-01-14T17:15:09.057,,,0
CVE-2020-12937,,,,Rejected reason: DO NOT USE THIS CANDIDATE NUMBER. ConsultIDs: none. Reason: This candidate was in a CNA pool that was not assigned to any issues during 2020. Notes: none,2022-01-14T17:15:09.097,,,0
CVE-2020-12938,,,,Rejected reason: DO NOT USE THIS CANDIDATE NUMBER. ConsultIDs: none. Reason: This candidate was in a CNA pool that was not assigned to any issues during 2020. Notes: none,2022-01-14T17:15:09.133,,,0
CVE-2020-12939,,,,Rejected reason: DO NOT USE THIS CANDIDATE NUMBER. ConsultIDs: none. Reason: This candidate was in a CNA pool that was not assigned to any issues during 2020. Notes: none,2022-01-14T17:15:09.170,,,0
CVE-2020-12942,,,,Rejected reason: DO NOT USE THIS CANDIDATE NUMBER. ConsultIDs: none. Reason: This candidate was in a CNA pool that was not assigned to any issues during 2020. Notes: none,2022-01-14T17:15:09.207,,,0
CVE-2020-12943,,,,Rejected reason: DO NOT USE THIS CANDIDATE NUMBER. ConsultIDs: none. Reason: This candidate was in a CNA pool that was not assigned to any issues during 2020. Notes: none,2022-01-14T17:15:09.247,,,0
CVE-2020-12945,,,,Rejected reason: DO NOT USE THIS CANDIDATE NUMBER. ConsultIDs: none. Reason: This candidate was in a CNA pool that was not assigned to any issues during 2020. Notes: none,2022-01-14T17:15:09.287,,,0
CVE-2020-12947,,,,Rejected reason: DO NOT USE THIS CANDIDATE NUMBER. ConsultIDs: none. Reason: This candidate was in a CNA pool that was not assigned to any issues during 2020. Notes: none,2022-01-14T17:15:09.330,,,0
CVE-2020-12948,,,,Rejected reason: DO NOT USE THIS CANDIDATE NUMBER. ConsultIDs: none. Reason: This candidate was in a CNA pool that was not assigned to any issues during 2020. Notes: none,2022-01-14T17:15:09.373,,,0
CVE-2020-12949,,,,Rejected reason: DO NOT USE THIS CANDIDATE NUMBER. ConsultIDs: none. Reason: This candidate was in a CNA pool that was not assigned to any issues during 2020. Notes: none,2022-01-14T17:15:09.413,,,0
CVE-2020-12950,,,,Rejected reason: DO NOT USE THIS CANDIDATE NUMBER. ConsultIDs: none. Reason: This candidate was in a CNA pool that was not assigned to any issues during 2020. Notes: none,2022-01-14T17:15:09.453,,,0
CVE-2020-12952,,,,Rejected reason: DO NOT USE THIS CANDIDATE NUMBER. ConsultIDs: none. Reason: This candidate was in a CNA pool that was not assigned to any issues during 2020. Notes: none,2022-01-14T17:15:09.493,,,0
CVE-2020-12953,,,,Rejected reason: DO NOT USE THIS CANDIDATE NUMBER. ConsultIDs: none. Reason: This candidate was in a CNA pool that was not assigned to any issues during 2020. Notes: none,2022-01-14T17:15:09.537,,,0
CVE-2020-12955,,,,Rejected reason: DO NOT USE THIS CANDIDATE NUMBER. ConsultIDs: none. Reason: This candidate was in a CNA pool that was not assigned to any issues during 2020. Notes: none,2022-01-14T17:15:09.577,,,0
CVE-2020-12956,,,,Rejected reason: DO NOT USE THIS CANDIDATE NUMBER. ConsultIDs: none. Reason: This candidate was in a CNA pool that was not assigned to any issues during 2020. Notes: none,2022-01-14T17:15:09.617,,,0
CVE-2020-12958,,,,Rejected reason: DO NOT USE THIS CANDIDATE NUMBER. ConsultIDs: none. Reason: This candidate was in a CNA pool that was not assigned to any issues during 2020. Notes: none,2022-01-14T17:15:09.657,,,0
CVE-2020-13010,,,,Rejected reason: DO NOT USE THIS CANDIDATE NUMBER. ConsultIDs: none. Reason: This candidate was in a CNA pool that was not assigned to any issues during 2020. Notes: none,2022-01-14T17:15:09.700,,,0
CVE-2020-13011,,,,Rejected reason: DO NOT USE THIS CANDIDATE NUMBER. ConsultIDs: none. Reason: This candidate was in a CNA pool that was not assigned to any issues during 2020. Notes: none,2022-01-14T17:15:09.747,,,0
CVE-2020-13012,,,,Rejected reason: DO NOT USE THIS CANDIDATE NUMBER. ConsultIDs: none. Reason: This candidate was in a CNA pool that was not assigned to any issues during 2020. Notes: none,2022-01-14T17:15:09.790,,,0
CVE-2020-13013,,,,Rejected reason: DO NOT USE THIS CANDIDATE NUMBER. ConsultIDs: none. Reason: This candidate was in a CNA pool that was not assigned to any issues during 2020. Notes: none,2022-01-14T17:15:09.833,,,0
CVE-2020-13014,,,,Rejected reason: DO NOT USE THIS CANDIDATE NUMBER. ConsultIDs: none. Reason: This candidate was in a CNA pool that was not assigned to any issues during 2020. Notes: none,2022-01-14T17:15:09.877,,,0
CVE-2020-13015,,,,Rejected reason: DO NOT USE THIS CANDIDATE NUMBER. ConsultIDs: none. Reason: This candidate was in a CNA pool that was not assigned to any issues during 2020. Notes: none,2022-01-14T17:15:09.917,,,0
CVE-2020-13016,,,,Rejected reason: DO NOT USE THIS CANDIDATE NUMBER. ConsultIDs: none. Reason: This candidate was in a CNA pool that was not assigned to any issues during 2020. Notes: none,2022-01-14T17:15:09.957,,,0
CVE-2020-13017,,,,Rejected reason: DO NOT USE THIS CANDIDATE NUMBER. ConsultIDs: none. Reason: This candidate was in a CNA pool that was not assigned to any issues during 2020. Notes: none,2022-01-14T17:15:10.000,,,0
CVE-2020-13018,,,,Rejected reason: DO NOT USE THIS CANDIDATE NUMBER. ConsultIDs: none. Reason: This candidate was in a CNA pool that was not assigned to any issues during 2020. Notes: none,2022-01-14T17:15:10.043,,,0
CVE-2020-13019,,,,Rejected reason: DO NOT USE THIS CANDIDATE NUMBER. ConsultIDs: none. Reason: This candidate was in a CNA pool that was not assigned to any issues during 2020. Notes: none,2022-01-14T17:15:10.087,,,0
CVE-2020-13020,,,,Rejected reason: DO NOT USE THIS CANDIDATE NUMBER. ConsultIDs: none. Reason: This candidate was in a CNA pool that was not assigned to any issues during 2020. Notes: none,2022-01-14T17:15:10.127,,,0
CVE-2020-13021,,,,Rejected reason: DO NOT USE THIS CANDIDATE NUMBER. ConsultIDs: none. Reason: This candidate was in a CNA pool that was not assigned to any issues during 2020. Notes: none,2022-01-14T17:15:10.167,,,0
CVE-2020-13022,,,,Rejected reason: DO NOT USE THIS CANDIDATE NUMBER. ConsultIDs: none. Reason: This candidate was in a CNA pool that was not assigned to any issues during 2020. Notes: none,2022-01-14T17:15:10.207,,,0
CVE-2020-13023,,,,Rejected reason: DO NOT USE THIS CANDIDATE NUMBER. ConsultIDs: none. Reason: This candidate was in a CNA pool that was not assigned to any issues during 2020. Notes: none,2022-01-14T17:15:10.247,,,0
CVE-2020-13024,,,,Rejected reason: DO NOT USE THIS CANDIDATE NUMBER. ConsultIDs: none. Reason: This candidate was in a CNA pool that was not assigned to any issues during 2020. Notes: none,2022-01-14T17:15:10.287,,,0
CVE-2020-13025,,,,Rejected reason: DO NOT USE THIS CANDIDATE NUMBER. ConsultIDs: none. Reason: This candidate was in a CNA pool that was not assigned to any issues during 2020. Notes: none,2022-01-14T17:15:10.327,,,0
CVE-2020-13026,,,,Rejected reason: DO NOT USE THIS CANDIDATE NUMBER. ConsultIDs: none. Reason: This candidate was in a CNA pool that was not assigned to any issues during 2020. Notes: none,2022-01-14T17:15:10.367,,,0
CVE-2020-13027,,,,Rejected reason: DO NOT USE THIS CANDIDATE NUMBER. ConsultIDs: none. Reason: This candidate was in a CNA pool that was not assigned to any issues during 2020. Notes: none,2022-01-14T17:15:10.403,,,0
CVE-2020-13028,,,,Rejected reason: DO NOT USE THIS CANDIDATE NUMBER. ConsultIDs: none. Reason: This candidate was in a CNA pool that was not assigned to any issues during 2020. Notes: none,2022-01-14T17:15:10.443,,,0
CVE-2020-13029,,,,Rejected reason: DO NOT USE THIS CANDIDATE NUMBER. ConsultIDs: none. Reason: This candidate was in a CNA pool that was not assigned to any issues during 2020. Notes: none,2022-01-14T17:15:10.480,,,0
CVE-2020-13030,,,,Rejected reason: DO NOT USE THIS CANDIDATE NUMBER. ConsultIDs: none. Reason: This candidate was in a CNA pool that was not assigned to any issues during 2020. Notes: none,2022-01-14T17:15:10.520,,,0
CVE-2020-13031,,,,Rejected reason: DO NOT USE THIS CANDIDATE NUMBER. ConsultIDs: none. Reason: This candidate was in a CNA pool that was not assigned to any issues during 2020. Notes: none,2022-01-14T17:15:10.560,,,0
CVE-2020-13032,,,,Rejected reason: DO NOT USE THIS CANDIDATE NUMBER. ConsultIDs: none. Reason: This candidate was in a CNA pool that was not assigned to any issues during 2020. Notes: none,2022-01-14T17:15:10.597,,,0
CVE-2020-13033,,,,Rejected reason: DO NOT USE THIS CANDIDATE NUMBER. ConsultIDs: none. Reason: This candidate was in a CNA pool that was not assigned to any issues during 2020. Notes: none,2022-01-14T17:15:10.637,,,0
CVE-2020-13034,,,,Rejected reason: DO NOT USE THIS CANDIDATE NUMBER. ConsultIDs: none. Reason: This candidate was in a CNA pool that was not assigned to any issues during 2020. Notes: none,2022-01-14T17:15:10.677,,,0
CVE-2020-13035,,,,Rejected reason: DO NOT USE THIS CANDIDATE NUMBER. ConsultIDs: none. Reason: This candidate was in a CNA pool that was not assigned to any issues during 2020. Notes: none,2022-01-14T17:15:10.717,,,0
CVE-2020-13036,,,,Rejected reason: DO NOT USE THIS CANDIDATE NUMBER. ConsultIDs: none. Reason: This candidate was in a CNA pool that was not assigned to any issues during 2020. Notes: none,2022-01-14T17:15:10.757,,,0
CVE-2020-13037,,,,Rejected reason: DO NOT USE THIS CANDIDATE NUMBER. ConsultIDs: none. Reason: This candidate was in a CNA pool that was not assigned to any issues during 2020. Notes: none,2022-01-14T17:15:10.797,,,0
CVE-2020-13038,,,,Rejected reason: DO NOT USE THIS CANDIDATE NUMBER. ConsultIDs: none. Reason: This candidate was in a CNA pool that was not assigned to any issues during 2020. Notes: none,2022-01-14T17:15:10.837,,,0
CVE-2020-13039,,,,Rejected reason: DO NOT USE THIS CANDIDATE NUMBER. ConsultIDs: none. Reason: This candidate was in a CNA pool that was not assigned to any issues during 2020. Notes: none,2022-01-14T17:15:10.873,,,0
CVE-2020-13040,,,,Rejected reason: DO NOT USE THIS CANDIDATE NUMBER. ConsultIDs: none. Reason: This candidate was in a CNA pool that was not assigned to any issues during 2020. Notes: none,2022-01-14T17:15:10.913,,,0
CVE-2020-13041,,,,Rejected reason: DO NOT USE THIS CANDIDATE NUMBER. ConsultIDs: none. Reason: This candidate was in a CNA pool that was not assigned to any issues during 2020. Notes: none,2022-01-14T17:15:10.953,,,0
CVE-2020-13042,,,,Rejected reason: DO NOT USE THIS CANDIDATE NUMBER. ConsultIDs: none. Reason: This candidate was in a CNA pool that was not assigned to any issues during 2020. Notes: none,2022-01-14T17:15:10.997,,,0
CVE-2020-13043,,,,Rejected reason: DO NOT USE THIS CANDIDATE NUMBER. ConsultIDs: none. Reason: This candidate was in a CNA pool that was not assigned to any issues during 2020. Notes: none,2022-01-14T17:15:11.040,,,0
CVE-2020-13044,,,,Rejected reason: DO NOT USE THIS CANDIDATE NUMBER. ConsultIDs: none. Reason: This candidate was in a CNA pool that was not assigned to any issues during 2020. Notes: none,2022-01-14T17:15:11.080,,,0
CVE-2020-13045,,,,Rejected reason: DO NOT USE THIS CANDIDATE NUMBER. ConsultIDs: none. Reason: This candidate was in a CNA pool that was not assigned to any issues during 2020. Notes: none,2022-01-14T17:15:11.123,,,0
CVE-2020-13046,,,,Rejected reason: DO NOT USE THIS CANDIDATE NUMBER. ConsultIDs: none. Reason: This candidate was in a CNA pool that was not assigned to any issues during 2020. Notes: none,2022-01-14T17:15:11.167,,,0
CVE-2020-13047,,,,Rejected reason: DO NOT USE THIS CANDIDATE NUMBER. ConsultIDs: none. Reason: This candidate was in a CNA pool that was not assigned to any issues during 2020. Notes: none,2022-01-14T17:15:11.207,,,0
CVE-2020-13048,,,,Rejected reason: DO NOT USE THIS CANDIDATE NUMBER. ConsultIDs: none. Reason: This candidate was in a CNA pool that was not assigned to any issues during 2020. Notes: none,2022-01-14T17:15:11.247,,,0
CVE-2020-13049,,,,Rejected reason: DO NOT USE THIS CANDIDATE NUMBER. ConsultIDs: none. Reason: This candidate was in a CNA pool that was not assigned to any issues during 2020. Notes: none,2022-01-14T17:15:11.290,,,0
CVE-2020-13050,,,,Rejected reason: DO NOT USE THIS CANDIDATE NUMBER. ConsultIDs: none. Reason: This candidate was in a CNA pool that was not assigned to any issues during 2020. Notes: none,2022-01-14T17:15:11.330,,,0
CVE-2020-13051,,,,Rejected reason: DO NOT USE THIS CANDIDATE NUMBER. ConsultIDs: none. Reason: This candidate was in a CNA pool that was not assigned to any issues during 2020. Notes: none,2022-01-14T17:15:11.370,,,0
CVE-2020-13052,,,,Rejected reason: DO NOT USE THIS CANDIDATE NUMBER. ConsultIDs: none. Reason: This candidate was in a CNA pool that was not assigned to any issues during 2020. Notes: none,2022-01-14T17:15:11.410,,,0
CVE-2020-13053,,,,Rejected reason: DO NOT USE THIS CANDIDATE NUMBER. ConsultIDs: none. Reason: This candidate was in a CNA pool that was not assigned to any issues during 2020. Notes: none,2022-01-14T17:15:11.450,,,0
CVE-2020-13054,,,,Rejected reason: DO NOT USE THIS CANDIDATE NUMBER. ConsultIDs: none. Reason: This candidate was in a CNA pool that was not assigned to any issues during 2020. Notes: none,2022-01-14T17:15:11.490,,,0
CVE-2020-13055,,,,Rejected reason: DO NOT USE THIS CANDIDATE NUMBER. ConsultIDs: none. Reason: This candidate was in a CNA pool that was not assigned to any issues during 2020. Notes: none,2022-01-14T17:15:11.533,,,0
CVE-2020-13056,,,,Rejected reason: DO NOT USE THIS CANDIDATE NUMBER. ConsultIDs: none. Reason: This candidate was in a CNA pool that was not assigned to any issues during 2020. Notes: none,2022-01-14T17:15:11.573,,,0
CVE-2020-13057,,,,Rejected reason: DO NOT USE THIS CANDIDATE NUMBER. ConsultIDs: none. Reason: This candidate was in a CNA pool that was not assigned to any issues during 2020. Notes: none,2022-01-14T17:15:11.617,,,0
CVE-2020-13058,,,,Rejected reason: DO NOT USE THIS CANDIDATE NUMBER. ConsultIDs: none. Reason: This candidate was in a CNA pool that was not assigned to any issues during 2020. Notes: none,2022-01-14T17:15:11.663,,,0
CVE-2020-13059,,,,Rejected reason: DO NOT USE THIS CANDIDATE NUMBER. ConsultIDs: none. Reason: This candidate was in a CNA pool that was not assigned to any issues during 2020. Notes: none,2022-01-14T17:15:11.707,,,0
CVE-2020-13060,,,,Rejected reason: DO NOT USE THIS CANDIDATE NUMBER. ConsultIDs: none. Reason: This candidate was in a CNA pool that was not assigned to any issues during 2020. Notes: none,2022-01-14T17:15:11.747,,,0
CVE-2020-13061,,,,Rejected reason: DO NOT USE THIS CANDIDATE NUMBER. ConsultIDs: none. Reason: This candidate was in a CNA pool that was not assigned to any issues during 2020. Notes: none,2022-01-14T17:15:11.797,,,0
CVE-2020-13062,,,,Rejected reason: DO NOT USE THIS CANDIDATE NUMBER. ConsultIDs: none. Reason: This candidate was in a CNA pool that was not assigned to any issues during 2020. Notes: none,2022-01-14T17:15:11.843,,,0
CVE-2020-13063,,,,Rejected reason: DO NOT USE THIS CANDIDATE NUMBER. ConsultIDs: none. Reason: This candidate was in a CNA pool that was not assigned to any issues during 2020. Notes: none,2022-01-14T17:15:11.887,,,0
CVE-2020-13064,,,,Rejected reason: DO NOT USE THIS CANDIDATE NUMBER. ConsultIDs: none. Reason: This candidate was in a CNA pool that was not assigned to any issues during 2020. Notes: none,2022-01-14T17:15:11.927,,,0
CVE-2020-13065,,,,Rejected reason: DO NOT USE THIS CANDIDATE NUMBER. ConsultIDs: none. Reason: This candidate was in a CNA pool that was not assigned to any issues during 2020. Notes: none,2022-01-14T17:15:11.973,,,0
CVE-2020-13066,,,,Rejected reason: DO NOT USE THIS CANDIDATE NUMBER. ConsultIDs: none. Reason: This candidate was in a CNA pool that was not assigned to any issues during 2020. Notes: none,2022-01-14T17:15:12.020,,,0
CVE-2020-13067,,,,Rejected reason: DO NOT USE THIS CANDIDATE NUMBER. ConsultIDs: none. Reason: This candidate was in a CNA pool that was not assigned to any issues during 2020. Notes: none,2022-01-14T17:15:12.070,,,0
CVE-2020-13068,,,,Rejected reason: DO NOT USE THIS CANDIDATE NUMBER. ConsultIDs: none. Reason: This candidate was in a CNA pool that was not assigned to any issues during 2020. Notes: none,2022-01-14T17:15:12.117,,,0
CVE-2020-13069,,,,Rejected reason: DO NOT USE THIS CANDIDATE NUMBER. ConsultIDs: none. Reason: This candidate was in a CNA pool that was not assigned to any issues during 2020. Notes: none,2022-01-14T17:15:12.163,,,0
CVE-2020-13070,,,,Rejected reason: DO NOT USE THIS CANDIDATE NUMBER. ConsultIDs: none. Reason: This candidate was in a CNA pool that was not assigned to any issues during 2020. Notes: none,2022-01-14T17:15:12.203,,,0
CVE-2020-13071,,,,Rejected reason: DO NOT USE THIS CANDIDATE NUMBER. ConsultIDs: none. Reason: This candidate was in a CNA pool that was not assigned to any issues during 2020. Notes: none,2022-01-14T17:15:12.247,,,0
CVE-2020-13072,,,,Rejected reason: DO NOT USE THIS CANDIDATE NUMBER. ConsultIDs: none. Reason: This candidate was in a CNA pool that was not assigned to any issues during 2020. Notes: none,2022-01-14T17:15:12.290,,,0
CVE-2020-13073,,,,Rejected reason: DO NOT USE THIS CANDIDATE NUMBER. ConsultIDs: none. Reason: This candidate was in a CNA pool that was not assigned to any issues during 2020. Notes: none,2022-01-14T17:15:12.333,,,0
CVE-2020-13074,,,,Rejected reason: DO NOT USE THIS CANDIDATE NUMBER. ConsultIDs: none. Reason: This candidate was in a CNA pool that was not assigned to any issues during 2020. Notes: none,2022-01-14T17:15:12.377,,,0
CVE-2020-13075,,,,Rejected reason: DO NOT USE THIS CANDIDATE NUMBER. ConsultIDs: none. Reason: This candidate was in a CNA pool that was not assigned to any issues during 2020. Notes: none,2022-01-14T17:15:12.417,,,0
CVE-2020-13076,,,,Rejected reason: DO NOT USE THIS CANDIDATE NUMBER. ConsultIDs: none. Reason: This candidate was in a CNA pool that was not assigned to any issues during 2020. Notes: none,2022-01-14T17:15:12.463,,,0
CVE-2020-13077,,,,Rejected reason: DO NOT USE THIS CANDIDATE NUMBER. ConsultIDs: none. Reason: This candidate was in a CNA pool that was not assigned to any issues during 2020. Notes: none,2022-01-14T17:15:12.507,,,0
CVE-2020-13078,,,,Rejected reason: DO NOT USE THIS CANDIDATE NUMBER. ConsultIDs: none. Reason: This candidate was in a CNA pool that was not assigned to any issues during 2020. Notes: none,2022-01-14T17:15:12.547,,,0
CVE-2020-13079,,,,Rejected reason: DO NOT USE THIS CANDIDATE NUMBER. ConsultIDs: none. Reason: This candidate was in a CNA pool that was not assigned to any issues during 2020. Notes: none,2022-01-14T17:15:12.590,,,0
CVE-2020-13080,,,,Rejected reason: DO NOT USE THIS CANDIDATE NUMBER. ConsultIDs: none. Reason: This candidate was in a CNA pool that was not assigned to any issues during 2020. Notes: none,2022-01-14T17:15:12.633,,,0
CVE-2020-13081,,,,Rejected reason: DO NOT USE THIS CANDIDATE NUMBER. ConsultIDs: none. Reason: This candidate was in a CNA pool that was not assigned to any issues during 2020. Notes: none,2022-01-14T17:15:12.677,,,0
CVE-2020-13082,,,,Rejected reason: DO NOT USE THIS CANDIDATE NUMBER. ConsultIDs: none. Reason: This candidate was in a CNA pool that was not assigned to any issues during 2020. Notes: none,2022-01-14T17:15:12.717,,,0
CVE-2020-13083,,,,Rejected reason: DO NOT USE THIS CANDIDATE NUMBER. ConsultIDs: none. Reason: This candidate was in a CNA pool that was not assigned to any issues during 2020. Notes: none,2022-01-14T17:15:12.763,,,0
CVE-2020-13084,,,,Rejected reason: DO NOT USE THIS CANDIDATE NUMBER. ConsultIDs: none. Reason: This candidate was in a CNA pool that was not assigned to any issues during 2020. Notes: none,2022-01-14T17:15:12.807,,,0
CVE-2020-13085,,,,Rejected reason: DO NOT USE THIS CANDIDATE NUMBER. ConsultIDs: none. Reason: This candidate was in a CNA pool that was not assigned to any issues during 2020. Notes: none,2022-01-14T17:15:12.847,,,0
CVE-2020-13086,,,,Rejected reason: DO NOT USE THIS CANDIDATE NUMBER. ConsultIDs: none. Reason: This candidate was in a CNA pool that was not assigned to any issues during 2020. Notes: none,2022-01-14T17:15:12.890,,,0
CVE-2020-13087,,,,Rejected reason: DO NOT USE THIS CANDIDATE NUMBER. ConsultIDs: none. Reason: This candidate was in a CNA pool that was not assigned to any issues during 2020. Notes: none,2022-01-14T17:15:12.933,,,0
CVE-2020-13088,,,,Rejected reason: DO NOT USE THIS CANDIDATE NUMBER. ConsultIDs: none. Reason: This candidate was in a CNA pool that was not assigned to any issues during 2020. Notes: none,2022-01-14T17:15:12.977,,,0
CVE-2020-13089,,,,Rejected reason: DO NOT USE THIS CANDIDATE NUMBER. ConsultIDs: none. Reason: This candidate was in a CNA pool that was not assigned to any issues during 2020. Notes: none,2022-01-14T17:15:13.017,,,0
CVE-2020-13713,,,,Rejected reason: DO NOT USE THIS CANDIDATE NUMBER. ConsultIDs: none. Reason: This candidate was in a CNA pool that was not assigned to any issues during 2020. Notes: none,2022-01-14T18:15:08.130,,,0
CVE-2020-13714,,,,Rejected reason: DO NOT USE THIS CANDIDATE NUMBER. ConsultIDs: none. Reason: This candidate was in a CNA pool that was not assigned to any issues during 2020. Notes: none,2022-01-14T18:15:08.177,,,0
CVE-2020-13715,,,,Rejected reason: DO NOT USE THIS CANDIDATE NUMBER. ConsultIDs: none. Reason: This candidate was in a CNA pool that was not assigned to any issues during 2020. Notes: none,2022-01-14T18:15:08.273,,,0
CVE-2020-13716,,,,Rejected reason: DO NOT USE THIS CANDIDATE NUMBER. ConsultIDs: none. Reason: This candidate was in a CNA pool that was not assigned to any issues during 2020. Notes: none,2022-01-14T18:15:08.320,,,0
CVE-2020-13717,,,,Rejected reason: DO NOT USE THIS CANDIDATE NUMBER. ConsultIDs: none. Reason: This candidate was in a CNA pool that was not assigned to any issues during 2020. Notes: none,2022-01-14T18:15:08.363,,,0
CVE-2020-13718,,,,Rejected reason: DO NOT USE THIS CANDIDATE NUMBER. ConsultIDs: none. Reason: This candidate was in a CNA pool that was not assigned to any issues during 2020. Notes: none,2022-01-14T18:15:08.407,,,0
CVE-2020-13719,,,,Rejected reason: DO NOT USE THIS CANDIDATE NUMBER. ConsultIDs: none. Reason: This candidate was in a CNA pool that was not assigned to any issues during 2020. Notes: none,2022-01-14T18:15:08.453,,,0
CVE-2020-13720,,,,Rejected reason: DO NOT USE THIS CANDIDATE NUMBER. ConsultIDs: none. Reason: This candidate was in a CNA pool that was not assigned to any issues during 2020. Notes: none,2022-01-14T18:15:08.497,,,0
CVE-2020-13721,,,,Rejected reason: DO NOT USE THIS CANDIDATE NUMBER. ConsultIDs: none. Reason: This candidate was in a CNA pool that was not assigned to any issues during 2020. Notes: none,2022-01-14T18:15:08.543,,,0
CVE-2020-13722,,,,Rejected reason: DO NOT USE THIS CANDIDATE NUMBER. ConsultIDs: none. Reason: This candidate was in a CNA pool that was not assigned to any issues during 2020. Notes: none,2022-01-14T18:15:08.587,,,0
CVE-2020-13723,,,,Rejected reason: DO NOT USE THIS CANDIDATE NUMBER. ConsultIDs: none. Reason: This candidate was in a CNA pool that was not assigned to any issues during 2020. Notes: none,2022-01-14T18:15:08.630,,,0
CVE-2020-13724,,,,Rejected reason: DO NOT USE THIS CANDIDATE NUMBER. ConsultIDs: none. Reason: This candidate was in a CNA pool that was not assigned to any issues during 2020. Notes: none,2022-01-14T18:15:08.677,,,0
CVE-2020-13725,,,,Rejected reason: DO NOT USE THIS CANDIDATE NUMBER. ConsultIDs: none. Reason: This candidate was in a CNA pool that was not assigned to any issues during 2020. Notes: none,2022-01-14T18:15:08.720,,,0
CVE-2020-13726,,,,Rejected reason: DO NOT USE THIS CANDIDATE NUMBER. ConsultIDs: none. Reason: This candidate was in a CNA pool that was not assigned to any issues during 2020. Notes: none,2022-01-14T18:15:08.763,,,0
CVE-2020-13727,,,,Rejected reason: DO NOT USE THIS CANDIDATE NUMBER. ConsultIDs: none. Reason: This candidate was in a CNA pool that was not assigned to any issues during 2020. Notes: none,2022-01-14T18:15:08.807,,,0
CVE-2020-13728,,,,Rejected reason: DO NOT USE THIS CANDIDATE NUMBER. ConsultIDs: none. Reason: This candidate was in a CNA pool that was not assigned to any issues during 2020. Notes: none,2022-01-14T18:15:08.847,,,0
CVE-2020-13729,,,,Rejected reason: DO NOT USE THIS CANDIDATE NUMBER. ConsultIDs: none. Reason: This candidate was in a CNA pool that was not assigned to any issues during 2020. Notes: none,2022-01-14T18:15:08.893,,,0
CVE-2020-13730,,,,Rejected reason: DO NOT USE THIS CANDIDATE NUMBER. ConsultIDs: none. Reason: This candidate was in a CNA pool that was not assigned to any issues during 2020. Notes: none,2022-01-14T18:15:08.937,,,0
CVE-2020-13731,,,,Rejected reason: DO NOT USE THIS CANDIDATE NUMBER. ConsultIDs: none. Reason: This candidate was in a CNA pool that was not assigned to any issues during 2020. Notes: none,2022-01-14T18:15:08.977,,,0
CVE-2020-13732,,,,Rejected reason: DO NOT USE THIS CANDIDATE NUMBER. ConsultIDs: none. Reason: This candidate was in a CNA pool that was not assigned to any issues during 2020. Notes: none,2022-01-14T18:15:09.020,,,0
CVE-2020-13733,,,,Rejected reason: DO NOT USE THIS CANDIDATE NUMBER. ConsultIDs: none. Reason: This candidate was in a CNA pool that was not assigned to any issues during 2020. Notes: none,2022-01-14T18:15:09.067,,,0
CVE-2020-13734,,,,Rejected reason: DO NOT USE THIS CANDIDATE NUMBER. ConsultIDs: none. Reason: This candidate was in a CNA pool that was not assigned to any issues during 2020. Notes: none,2022-01-14T18:15:09.107,,,0
CVE-2020-13735,,,,Rejected reason: DO NOT USE THIS CANDIDATE NUMBER. ConsultIDs: none. Reason: This candidate was in a CNA pool that was not assigned to any issues during 2020. Notes: none,2022-01-14T18:15:09.150,,,0
CVE-2020-13736,,,,Rejected reason: DO NOT USE THIS CANDIDATE NUMBER. ConsultIDs: none. Reason: This candidate was in a CNA pool that was not assigned to any issues during 2020. Notes: none,2022-01-14T18:15:09.190,,,0
CVE-2020-13737,,,,Rejected reason: DO NOT USE THIS CANDIDATE NUMBER. ConsultIDs: none. Reason: This candidate was in a CNA pool that was not assigned to any issues during 2020. Notes: none,2022-01-14T18:15:09.230,,,0
CVE-2020-13738,,,,Rejected reason: DO NOT USE THIS CANDIDATE NUMBER. ConsultIDs: none. Reason: This candidate was in a CNA pool that was not assigned to any issues during 2020. Notes: none,2022-01-14T18:15:09.270,,,0
CVE-2020-13739,,,,Rejected reason: DO NOT USE THIS CANDIDATE NUMBER. ConsultIDs: none. Reason: This candidate was in a CNA pool that was not assigned to any issues during 2020. Notes: none,2022-01-14T18:15:09.310,,,0
CVE-2020-13740,,,,Rejected reason: DO NOT USE THIS CANDIDATE NUMBER. ConsultIDs: none. Reason: This candidate was in a CNA pool that was not assigned to any issues during 2020. Notes: none,2022-01-14T18:15:09.350,,,0
CVE-2020-13741,,,,Rejected reason: DO NOT USE THIS CANDIDATE NUMBER. ConsultIDs: none. Reason: This candidate was in a CNA pool that was not assigned to any issues during 2020. Notes: none,2022-01-14T18:15:09.390,,,0
CVE-2020-13742,,,,Rejected reason: DO NOT USE THIS CANDIDATE NUMBER. ConsultIDs: none. Reason: This candidate was in a CNA pool that was not assigned to any issues during 2020. Notes: none,2022-01-14T18:15:09.430,,,0
CVE-2020-13743,,,,Rejected reason: DO NOT USE THIS CANDIDATE NUMBER. ConsultIDs: none. Reason: This candidate was in a CNA pool that was not assigned to any issues during 2020. Notes: none,2022-01-14T18:15:09.470,,,0
CVE-2020-13744,,,,Rejected reason: DO NOT USE THIS CANDIDATE NUMBER. ConsultIDs: none. Reason: This candidate was in a CNA pool that was not assigned to any issues during 2020. Notes: none,2022-01-14T18:15:09.513,,,0
CVE-2020-13745,,,,Rejected reason: DO NOT USE THIS CANDIDATE NUMBER. ConsultIDs: none. Reason: This candidate was in a CNA pool that was not assigned to any issues during 2020. Notes: none,2022-01-14T18:15:09.553,,,0
CVE-2020-13746,,,,Rejected reason: DO NOT USE THIS CANDIDATE NUMBER. ConsultIDs: none. Reason: This candidate was in a CNA pool that was not assigned to any issues during 2020. Notes: none,2022-01-14T18:15:09.597,,,0
CVE-2020-13747,,,,Rejected reason: DO NOT USE THIS CANDIDATE NUMBER. ConsultIDs: none. Reason: This candidate was in a CNA pool that was not assigned to any issues during 2020. Notes: none,2022-01-14T18:15:09.633,,,0
CVE-2020-13748,,,,Rejected reason: DO NOT USE THIS CANDIDATE NUMBER. ConsultIDs: none. Reason: This candidate was in a CNA pool that was not assigned to any issues during 2020. Notes: none,2022-01-14T18:15:09.677,,,0
CVE-2020-13749,,,,Rejected reason: DO NOT USE THIS CANDIDATE NUMBER. ConsultIDs: none. Reason: This candidate was in a CNA pool that was not assigned to any issues during 2020. Notes: none,2022-01-14T18:15:09.717,,,0
CVE-2020-13750,,,,Rejected reason: DO NOT USE THIS CANDIDATE NUMBER. ConsultIDs: none. Reason: This candidate was in a CNA pool that was not assigned to any issues during 2020. Notes: none,2022-01-14T18:15:09.757,,,0
CVE-2020-13751,,,,Rejected reason: DO NOT USE THIS CANDIDATE NUMBER. ConsultIDs: none. Reason: This candidate was in a CNA pool that was not assigned to any issues during 2020. Notes: none,2022-01-14T18:15:09.793,,,0
CVE-2020-13752,,,,Rejected reason: DO NOT USE THIS CANDIDATE NUMBER. ConsultIDs: none. Reason: This candidate was in a CNA pool that was not assigned to any issues during 2020. Notes: none,2022-01-14T18:15:09.837,,,0
CVE-2021-36734,,,,Rejected reason: DO NOT USE THIS CANDIDATE NUMBER. ConsultIDs: none. Reason: This candidate was in a CNA pool that was not assigned to any issues during 2021. Notes: none,2022-01-14T18:15:10.027,,,0
CVE-2021-36735,,,,Rejected reason: DO NOT USE THIS CANDIDATE NUMBER. ConsultIDs: none. Reason: This candidate was in a CNA pool that was not assigned to any issues during 2021. Notes: none,2022-01-14T18:15:10.067,,,0
CVE-2021-36736,,,,Rejected reason: DO NOT USE THIS CANDIDATE NUMBER. ConsultIDs: none. Reason: This candidate was in a CNA pool that was not assigned to any issues during 2021. Notes: none,2022-01-14T18:15:10.107,,,0
CVE-2021-45774,,,,Rejected reason: DO NOT USE THIS CANDIDATE NUMBER. ConsultIDs: none. Reason: This candidate was withdrawn by its CNA. Further investigation showed that it was not a security issue. Notes: none,2022-01-14T20:15:15.143,,,0
CVE-2021-45775,,,,Rejected reason: DO NOT USE THIS CANDIDATE NUMBER. ConsultIDs: none. Reason: This candidate was withdrawn by its CNA. Further investigation showed that it was not a security issue. Notes: none,2022-01-14T20:15:15.183,,,0
CVE-2021-45778,,,,Rejected reason: DO NOT USE THIS CANDIDATE NUMBER. ConsultIDs: none. Reason: This candidate was withdrawn by its CNA. Further investigation showed that it was not a security issue. Notes: none,2022-01-14T20:15:15.227,,,0
CVE-2021-45779,,,,Rejected reason: DO NOT USE THIS CANDIDATE NUMBER. ConsultIDs: none. Reason: This candidate was withdrawn by its CNA. Further investigation showed that it was not a security issue. Notes: none,2022-01-14T20:15:15.267,,,0
CVE-2021-45780,,,,Rejected reason: DO NOT USE THIS CANDIDATE NUMBER. ConsultIDs: none. Reason: This candidate was withdrawn by its CNA. Further investigation showed that it was not a security issue. Notes: none,2022-01-14T20:15:15.307,,,0
CVE-2021-45781,,,,Rejected reason: DO NOT USE THIS CANDIDATE NUMBER. ConsultIDs: none. Reason: This candidate was withdrawn by its CNA. Further investigation showed that it was not a security issue. Notes: none,2022-01-14T20:15:15.350,,,0
CVE-2021-45782,,,,Rejected reason: DO NOT USE THIS CANDIDATE NUMBER. ConsultIDs: none. Reason: This candidate was withdrawn by its CNA. Further investigation showed that it was not a security issue. Notes: none,2022-01-14T20:15:15.390,,,0
CVE-2021-46012,,,,Rejected reason: DO NOT USE THIS CANDIDATE NUMBER. ConsultIDs: none. Reason: This candidate was withdrawn by its CNA,2022-01-18T18:15:08.337,,,0
CVE-2021-26041,,,,Rejected reason: DO NOT USE THIS CANDIDATE NUMBER. ConsultIDs: none. Reason: This candidate was in a CNA pool that was not assigned to any issues during 2021. Notes: none,2022-01-19T04:15:06.907,,,0
CVE-2021-26042,,,,Rejected reason: DO NOT USE THIS CANDIDATE NUMBER. ConsultIDs: none. Reason: This candidate was in a CNA pool that was not assigned to any issues during 2021. Notes: none,2022-01-19T04:15:06.953,,,0
CVE-2021-26043,,,,Rejected reason: DO NOT USE THIS CANDIDATE NUMBER. ConsultIDs: none. Reason: This candidate was in a CNA pool that was not assigned to any issues during 2021. Notes: none,2022-01-19T04:15:06.993,,,0
CVE-2021-26044,,,,Rejected reason: DO NOT USE THIS CANDIDATE NUMBER. ConsultIDs: none. Reason: This candidate was in a CNA pool that was not assigned to any issues during 2021. Notes: none,2022-01-19T04:15:07.037,,,0
CVE-2021-26045,,,,Rejected reason: DO NOT USE THIS CANDIDATE NUMBER. ConsultIDs: none. Reason: This candidate was in a CNA pool that was not assigned to any issues during 2021. Notes: none,2022-01-19T04:15:07.077,,,0
CVE-2021-26046,,,,Rejected reason: DO NOT USE THIS CANDIDATE NUMBER. ConsultIDs: none. Reason: This candidate was in a CNA pool that was not assigned to any issues during 2021. Notes: none,2022-01-19T04:15:07.113,,,0
CVE-2021-26047,,,,Rejected reason: DO NOT USE THIS CANDIDATE NUMBER. ConsultIDs: none. Reason: This candidate was in a CNA pool that was not assigned to any issues during 2021. Notes: none,2022-01-19T04:15:07.153,,,0
CVE-2021-26048,,,,Rejected reason: DO NOT USE THIS CANDIDATE NUMBER. ConsultIDs: none. Reason: This candidate was in a CNA pool that was not assigned to any issues during 2021. Notes: none,2022-01-19T04:15:07.190,,,0
CVE-2021-26049,,,,Rejected reason: DO NOT USE THIS CANDIDATE NUMBER. ConsultIDs: none. Reason: This candidate was in a CNA pool that was not assigned to any issues during 2021. Notes: none,2022-01-19T04:15:07.230,,,0
CVE-2021-26050,,,,Rejected reason: DO NOT USE THIS CANDIDATE NUMBER. ConsultIDs: none. Reason: This candidate was in a CNA pool that was not assigned to any issues during 2021. Notes: none,2022-01-19T04:15:07.267,,,0
CVE-2021-26051,,,,Rejected reason: DO NOT USE THIS CANDIDATE NUMBER. ConsultIDs: none. Reason: This candidate was in a CNA pool that was not assigned to any issues during 2021. Notes: none,2022-01-19T04:15:07.303,,,0
CVE-2021-26052,,,,Rejected reason: DO NOT USE THIS CANDIDATE NUMBER. ConsultIDs: none. Reason: This candidate was in a CNA pool that was not assigned to any issues during 2021. Notes: none,2022-01-19T04:15:07.343,,,0
CVE-2021-26053,,,,Rejected reason: DO NOT USE THIS CANDIDATE NUMBER. ConsultIDs: none. Reason: This candidate was in a CNA pool that was not assigned to any issues during 2021. Notes: none,2022-01-19T04:15:07.380,,,0
CVE-2021-26054,,,,Rejected reason: DO NOT USE THIS CANDIDATE NUMBER. ConsultIDs: none. Reason: This candidate was in a CNA pool that was not assigned to any issues during 2021. Notes: none,2022-01-19T04:15:07.420,,,0
CVE-2021-26055,,,,Rejected reason: DO NOT USE THIS CANDIDATE NUMBER. ConsultIDs: none. Reason: This candidate was in a CNA pool that was not assigned to any issues during 2021. Notes: none,2022-01-19T04:15:07.457,,,0
CVE-2021-26056,,,,Rejected reason: DO NOT USE THIS CANDIDATE NUMBER. ConsultIDs: none. Reason: This candidate was in a CNA pool that was not assigned to any issues during 2021. Notes: none,2022-01-19T04:15:07.500,,,0
CVE-2021-26057,,,,Rejected reason: DO NOT USE THIS CANDIDATE NUMBER. ConsultIDs: none. Reason: This candidate was in a CNA pool that was not assigned to any issues during 2021. Notes: none,2022-01-19T04:15:07.543,,,0
CVE-2021-26058,,,,Rejected reason: DO NOT USE THIS CANDIDATE NUMBER. ConsultIDs: none. Reason: This candidate was in a CNA pool that was not assigned to any issues during 2021. Notes: none,2022-01-19T04:15:07.587,,,0
CVE-2021-26059,,,,Rejected reason: DO NOT USE THIS CANDIDATE NUMBER. ConsultIDs: none. Reason: This candidate was in a CNA pool that was not assigned to any issues during 2021. Notes: none,2022-01-19T04:15:07.627,,,0
CVE-2021-26060,,,,Rejected reason: DO NOT USE THIS CANDIDATE NUMBER. ConsultIDs: none. Reason: This candidate was in a CNA pool that was not assigned to any issues during 2021. Notes: none,2022-01-19T04:15:07.667,,,0
CVE-2021-26061,,,,Rejected reason: DO NOT USE THIS CANDIDATE NUMBER. ConsultIDs: none. Reason: This candidate was in a CNA pool that was not assigned to any issues during 2021. Notes: none,2022-01-19T04:15:07.710,,,0
CVE-2021-26062,,,,Rejected reason: DO NOT USE THIS CANDIDATE NUMBER. ConsultIDs: none. Reason: This candidate was in a CNA pool that was not assigned to any issues during 2021. Notes: none,2022-01-19T04:15:07.750,,,0
CVE-2021-26063,,,,Rejected reason: DO NOT USE THIS CANDIDATE NUMBER. ConsultIDs: none. Reason: This candidate was in a CNA pool that was not assigned to any issues during 2021. Notes: none,2022-01-19T04:15:07.793,,,0
CVE-2021-26064,,,,Rejected reason: DO NOT USE THIS CANDIDATE NUMBER. ConsultIDs: none. Reason: This candidate was in a CNA pool that was not assigned to any issues during 2021. Notes: none,2022-01-19T04:15:07.833,,,0
CVE-2021-26065,,,,Rejected reason: DO NOT USE THIS CANDIDATE NUMBER. ConsultIDs: none. Reason: This candidate was in a CNA pool that was not assigned to any issues during 2021. Notes: none,2022-01-19T04:15:07.877,,,0
CVE-2021-26066,,,,Rejected reason: DO NOT USE THIS CANDIDATE NUMBER. ConsultIDs: none. Reason: This candidate was in a CNA pool that was not assigned to any issues during 2021. Notes: none,2022-01-19T04:15:07.917,,,0
CVE-2022-0329,,,,Rejected reason: DO NOT USE THIS CANDIDATE NUMBER. Reason: This CVE has been rejected as it was incorrectly assigned. All references and descriptions in this candidate have been removed to prevent accidental usage,2022-01-21T11:15:07.680,,,0
CVE-2022-0177,,,,Rejected reason: DO NOT USE THIS CANDIDATE NUMBER. Reason: This CVE has been rejected as it was incorrectly assigned. All references and descriptions in this candidate have been removed to prevent accidental usage,2022-01-24T21:15:07.830,,,0
CVE-2022-23967,,,,Rejected reason: DO NOT USE THIS CANDIDATE NUMBER. ConsultIDs: CVE-2019-15679. Reason: This candidate is a duplicate of CVE-2019-15679. Notes: All CVE users should reference CVE-2019-15679 instead of this candidate. All references and descriptions in this candidate have been removed to prevent accidental usage.,2022-01-26T21:15:14.083,,,0
CVE-2021-44121,,,,Rejected reason: DO NOT USE THIS CANDIDATE NUMBER. ConsultIDs: none. Reason: This candidate was withdrawn by its CNA. Further investigation showed that it was not a security issue. Notes: none,2022-01-27T11:15:07.647,,,0
CVE-2021-40395,,,,Rejected reason: DO NOT USE THIS CANDIDATE NUMBER. ConsultIDs: none. Reason: This candidate was withdrawn by its CNA. Further investigation showed that it was not a security issue. Notes: none,2022-01-28T18:15:07.747,,,0
CVE-2021-3534,,,,Rejected reason: DO NOT USE THIS CANDIDATE NUMBER. ConsultIDs: CVE-2021-34981. Reason: This candidate is a reservation duplicate of CVE-2021-34981. Notes: All CVE users should reference CVE-2021-34981 instead of this candidate. All references and descriptions in this candidate have been removed to prevent accidental usage,2022-02-01T05:15:09.427,,,0
CVE-2022-0227,,,,Rejected reason: DO NOT USE THIS CANDIDATE NUMBER. Reason: This CVE has been rejected as it was incorrectly assigned. All references and descriptions in this candidate have been removed to prevent accidental usage,2022-02-04T23:15:12.410,,,0
CVE-2022-0498,,,,Rejected reason: DO NOT USE THIS CANDIDATE NUMBER. ConsultIDs: none. Reason: This candidate was withdrawn by its CNA. Further investigation showed that it was not a security issue. Notes: none,2022-02-04T23:15:12.937,,,0
CVE-2021-20002,,,,Rejected reason: DO NOT USE THIS CANDIDATE NUMBER. ConsultIDs: none. Reason: The CNA or individual who requested this candidate did not associate it with any vulnerability during 2021. Notes: none,2022-02-09T16:15:12.217,,,0
CVE-2021-20003,,,,Rejected reason: DO NOT USE THIS CANDIDATE NUMBER. ConsultIDs: none. Reason: The CNA or individual who requested this candidate did not associate it with any vulnerability during 2021. Notes: none,2022-02-09T16:15:12.267,,,0
CVE-2021-20004,,,,Rejected reason: DO NOT USE THIS CANDIDATE NUMBER. ConsultIDs: none. Reason: The CNA or individual who requested this candidate did not associate it with any vulnerability during 2021. Notes: none,2022-02-09T16:15:12.307,,,0
CVE-2021-20005,,,,Rejected reason: DO NOT USE THIS CANDIDATE NUMBER. ConsultIDs: none. Reason: The CNA or individual who requested this candidate did not associate it with any vulnerability during 2021. Notes: none,2022-02-09T16:15:12.343,,,0
CVE-2021-20006,,,,Rejected reason: DO NOT USE THIS CANDIDATE NUMBER. ConsultIDs: none. Reason: The CNA or individual who requested this candidate did not associate it with any vulnerability during 2021. Notes: none,2022-02-09T16:15:12.383,,,0
CVE-2021-20007,,,,Rejected reason: DO NOT USE THIS CANDIDATE NUMBER. ConsultIDs: none. Reason: The CNA or individual who requested this candidate did not associate it with any vulnerability during 2021. Notes: none,2022-02-09T16:15:12.420,,,0
CVE-2021-20008,,,,Rejected reason: DO NOT USE THIS CANDIDATE NUMBER. ConsultIDs: none. Reason: The CNA or individual who requested this candidate did not associate it with any vulnerability during 2021. Notes: none,2022-02-09T16:15:12.460,,,0
CVE-2021-20009,,,,Rejected reason: DO NOT USE THIS CANDIDATE NUMBER. ConsultIDs: none. Reason: The CNA or individual who requested this candidate did not associate it with any vulnerability during 2021. Notes: none,2022-02-09T16:15:12.497,,,0
CVE-2021-20010,,,,Rejected reason: DO NOT USE THIS CANDIDATE NUMBER. ConsultIDs: none. Reason: The CNA or individual who requested this candidate did not associate it with any vulnerability during 2021. Notes: none,2022-02-09T16:15:12.540,,,0
CVE-2021-20011,,,,Rejected reason: DO NOT USE THIS CANDIDATE NUMBER. ConsultIDs: none. Reason: The CNA or individual who requested this candidate did not associate it with any vulnerability during 2021. Notes: none,2022-02-09T16:15:12.580,,,0
CVE-2021-20012,,,,Rejected reason: DO NOT USE THIS CANDIDATE NUMBER. ConsultIDs: none. Reason: The CNA or individual who requested this candidate did not associate it with any vulnerability during 2021. Notes: none,2022-02-09T16:15:12.627,,,0
CVE-2021-20013,,,,Rejected reason: DO NOT USE THIS CANDIDATE NUMBER. ConsultIDs: none. Reason: The CNA or individual who requested this candidate did not associate it with any vulnerability during 2021. Notes: none,2022-02-09T16:15:12.677,,,0
CVE-2021-20014,,,,Rejected reason: DO NOT USE THIS CANDIDATE NUMBER. ConsultIDs: none. Reason: The CNA or individual who requested this candidate did not associate it with any vulnerability during 2021. Notes: none,2022-02-09T16:15:12.723,,,0
CVE-2021-20015,,,,Rejected reason: DO NOT USE THIS CANDIDATE NUMBER. ConsultIDs: none. Reason: The CNA or individual who requested this candidate did not associate it with any vulnerability during 2021. Notes: none,2022-02-09T16:15:12.767,,,0
CVE-2021-37853,,,,Rejected reason: DO NOT USE THIS CANDIDATE NUMBER. ConsultIDs: none. Reason: The CNA or individual who requested this candidate did not associate it with any vulnerability during 2021. Notes: none,2022-02-09T16:15:13.443,,,0
CVE-2021-37854,,,,Rejected reason: DO NOT USE THIS CANDIDATE NUMBER. ConsultIDs: none. Reason: The CNA or individual who requested this candidate did not associate it with any vulnerability during 2021. Notes: none,2022-02-09T16:15:13.480,,,0
CVE-2021-37855,,,,Rejected reason: DO NOT USE THIS CANDIDATE NUMBER. ConsultIDs: none. Reason: The CNA or individual who requested this candidate did not associate it with any vulnerability during 2021. Notes: none,2022-02-09T16:15:13.517,,,0
CVE-2021-37856,,,,Rejected reason: DO NOT USE THIS CANDIDATE NUMBER. ConsultIDs: none. Reason: The CNA or individual who requested this candidate did not associate it with any vulnerability during 2021. Notes: none,2022-02-09T16:15:13.553,,,0
CVE-2021-37857,,,,Rejected reason: DO NOT USE THIS CANDIDATE NUMBER. ConsultIDs: none. Reason: The CNA or individual who requested this candidate did not associate it with any vulnerability during 2021. Notes: none,2022-02-09T16:15:13.590,,,0
CVE-2021-37858,,,,Rejected reason: DO NOT USE THIS CANDIDATE NUMBER. ConsultIDs: none. Reason: The CNA or individual who requested this candidate did not associate it with any vulnerability during 2021. Notes: none,2022-02-09T16:15:13.627,,,0
CVE-2021-40696,,,,Rejected reason: DO NOT USE THIS CANDIDATE NUMBER. ConsultIDs: none. Reason: This candidate was withdrawn by its CNA. Further investigation showed that it was not a security issue. Notes: none,2022-02-09T23:15:16.437,,,0
CVE-2021-46388,,,,"Rejected reason: DO NOT USE THIS CANDIDATE NUMBER. ConsultIDs: Reason: The issue is not a vulnerability (fails CNT2) - Has no impact on availability, integrity or confidence as only documented html templates are shown without additional data or the option to store changes. Notes",2022-02-16T11:15:07.730,,,0
CVE-2021-3648,,,,Rejected reason: DO NOT USE THIS CANDIDATE NUMBER. ConsultIDs: CVE-2021-3530. Reason: This candidate is a reservation duplicate of CVE-2021-3530. Notes: All CVE users should reference CVE-2021-3530 instead of this candidate. All references and descriptions in this candidate have been removed to prevent accidental usage.,2022-02-16T17:15:11.243,,,0
CVE-2021-4220,,,,Rejected reason: DO NOT USE THIS CANDIDATE NUMBER. ConsultIDs: none. Reason: This candidate was withdrawn by its CNA. Further investigation showed that it was not a security issue. Notes: none,2022-02-16T17:15:11.447,,,0
CVE-2022-24445,,,,Rejected reason: DO NOT USE THIS CANDIDATE NUMBER. ConsultIDs: none. Reason: This candidate was withdrawn by its CNA. Further investigation showed that it was not a security issue. Notes: none,2022-02-18T18:15:13.400,,,0
CVE-2021-44569,,,,Rejected reason: DO NOT USE THIS CANDIDATE NUMBER. ConsultIDs: CVE-2021-3200 Reason: This candidate is a duplicate of CVE-2021-3200. Notes: All CVE users should reference CVE-2021-3200 instead of this candidate. All references and descriptions in this candidate have been removed to prevent accidental usage,2022-02-21T19:15:08.297,,,0
CVE-2021-44570,,,,Rejected reason: DO NOT USE THIS CANDIDATE NUMBER. ConsultIDs: CVE-2021-3200 Reason: This candidate is a duplicate of CVE-2021-3200. Notes: All CVE users should reference CVE-2021-3200 instead of this candidate. All references and descriptions in this candidate have been removed to prevent accidental usage,2022-02-21T19:15:08.347,,,0
CVE-2021-44571,,,,Rejected reason: DO NOT USE THIS CANDIDATE NUMBER. ConsultIDs: CVE-2021-3200 Reason: This candidate is a duplicate of CVE-2021-3200. Notes: All CVE users should reference CVE-2021-3200 instead of this candidate. All references and descriptions in this candidate have been removed to prevent accidental usage,2022-02-21T20:15:07.960,,,0
CVE-2021-44573,,,,Rejected reason: DO NOT USE THIS CANDIDATE NUMBER. ConsultIDs: CVE-2021-3200 Reason: This candidate is a duplicate of CVE-2021-3200. Notes: All CVE users should reference CVE-2021-3200 instead of this candidate. All references and descriptions in this candidate have been removed to prevent accidental usage,2022-02-21T20:15:08.013,,,0
CVE-2021-44574,,,,Rejected reason: DO NOT USE THIS CANDIDATE NUMBER. ConsultIDs: CVE-2021-3200 Reason: This candidate is a duplicate of CVE-2021-3200. Notes: All CVE users should reference CVE-2021-3200 instead of this candidate. All references and descriptions in this candidate have been removed to prevent accidental usage,2022-02-21T20:15:08.057,,,0
CVE-2021-44575,,,,Rejected reason: DO NOT USE THIS CANDIDATE NUMBER. ConsultIDs: CVE-2021-3200 Reason: This candidate is a duplicate of CVE-2021-3200. Notes: All CVE users should reference CVE-2021-3200 instead of this candidate. All references and descriptions in this candidate have been removed to prevent accidental usage,2022-02-21T20:15:08.097,,,0
CVE-2021-44576,,,,Rejected reason: DO NOT USE THIS CANDIDATE NUMBER. ConsultIDs: CVE-2021-3200 Reason: This candidate is a duplicate of CVE-2021-3200. Notes: All CVE users should reference CVE-2021-3200 instead of this candidate. All references and descriptions in this candidate have been removed to prevent accidental usage,2022-02-21T20:15:08.137,,,0
CVE-2021-44577,,,,Rejected reason: DO NOT USE THIS CANDIDATE NUMBER. ConsultIDs: CVE-2021-3200 Reason: This candidate is a duplicate of CVE-2021-3200. Notes: All CVE users should reference CVE-2021-3200 instead of this candidate. All references and descriptions in this candidate have been removed to prevent accidental usage,2022-02-21T20:15:08.183,,,0
CVE-2021-3867,,,,Rejected reason: DO NOT USE THIS CANDIDATE NUMBER. ConsultIDs: none. Reason: The CNA or individual who requested this candidate did not associate it with any vulnerability during 2021. Notes: none,2022-02-24T15:15:22.170,,,0
CVE-2021-3868,,,,Rejected reason: DO NOT USE THIS CANDIDATE NUMBER. ConsultIDs: none. Reason: The CNA or individual who requested this candidate did not associate it with any vulnerability during 2021. Notes: none,2022-02-24T15:15:22.207,,,0
CVE-2021-3870,,,,Rejected reason: DO NOT USE THIS CANDIDATE NUMBER. ConsultIDs: none. Reason: The CNA or individual who requested this candidate did not associate it with any vulnerability during 2021. Notes: none,2022-02-24T15:15:22.247,,,0
CVE-2021-3871,,,,Rejected reason: DO NOT USE THIS CANDIDATE NUMBER. ConsultIDs: none. Reason: The CNA or individual who requested this candidate did not associate it with any vulnerability during 2021. Notes: none,2022-02-24T15:15:22.287,,,0
CVE-2021-3873,,,,Rejected reason: DO NOT USE THIS CANDIDATE NUMBER. ConsultIDs: none. Reason: The CNA or individual who requested this candidate did not associate it with any vulnerability during 2021. Notes: none,2022-02-24T15:15:22.323,,,0
CVE-2021-3876,,,,Rejected reason: DO NOT USE THIS CANDIDATE NUMBER. ConsultIDs: none. Reason: The CNA or individual who requested this candidate did not associate it with any vulnerability during 2021. Notes: none,2022-02-24T15:15:22.363,,,0
CVE-2021-3877,,,,Rejected reason: DO NOT USE THIS CANDIDATE NUMBER. ConsultIDs: none. Reason: The CNA or individual who requested this candidate did not associate it with any vulnerability during 2021. Notes: none,2022-02-24T15:15:22.400,,,0
CVE-2021-3880,,,,Rejected reason: DO NOT USE THIS CANDIDATE NUMBER. ConsultIDs: none. Reason: The CNA or individual who requested this candidate did not associate it with any vulnerability during 2021. Notes: none,2022-02-24T15:15:22.443,,,0
CVE-2021-3883,,,,Rejected reason: DO NOT USE THIS CANDIDATE NUMBER. ConsultIDs: none. Reason: The CNA or individual who requested this candidate did not associate it with any vulnerability during 2021. Notes: none,2022-02-24T15:15:22.480,,,0
CVE-2021-3884,,,,Rejected reason: DO NOT USE THIS CANDIDATE NUMBER. ConsultIDs: none. Reason: The CNA or individual who requested this candidate did not associate it with any vulnerability during 2021. Notes: none,2022-02-24T15:15:22.520,,,0
CVE-2021-3886,,,,Rejected reason: DO NOT USE THIS CANDIDATE NUMBER. ConsultIDs: none. Reason: The CNA or individual who requested this candidate did not associate it with any vulnerability during 2021. Notes: none,2022-02-24T15:15:22.563,,,0
CVE-2021-3887,,,,Rejected reason: DO NOT USE THIS CANDIDATE NUMBER. ConsultIDs: none. Reason: The CNA or individual who requested this candidate did not associate it with any vulnerability during 2021. Notes: none,2022-02-24T15:15:22.607,,,0
CVE-2021-3893,,,,Rejected reason: DO NOT USE THIS CANDIDATE NUMBER. ConsultIDs: none. Reason: The CNA or individual who requested this candidate did not associate it with any vulnerability during 2021. Notes: none,2022-02-24T15:15:22.653,,,0
CVE-2021-3937,,,,Rejected reason: DO NOT USE THIS CANDIDATE NUMBER. ConsultIDs: none. Reason: The CNA or individual who requested this candidate did not associate it with any vulnerability during 2021. Notes: none,2022-02-24T15:15:22.700,,,0
CVE-2021-3940,,,,Rejected reason: DO NOT USE THIS CANDIDATE NUMBER. ConsultIDs: none. Reason: The CNA or individual who requested this candidate did not associate it with any vulnerability during 2021. Notes: none,2022-02-24T15:15:22.747,,,0
CVE-2022-0655,,,,Rejected reason: DO NOT USE THIS CANDIDATE NUMBER. ConsultIDs: none. Reason: This candidate was withdrawn by its CNA. Further investigation showed that it was not a security issue. Notes: none,2022-02-25T19:15:20.187,,,0
CVE-2022-25019,,,,Rejected reason: DO NOT USE THIS CANDIDATE NUMBER. ConsultIDs: CVE-2021-38602. Reason: This candidate is a reservation duplicate of CVE-2021-38602. Notes: All CVE users should reference CVE-2021-38602 instead of this candidate. All references and descriptions in this candidate have been removed to prevent accidental usage,2022-02-25T19:15:25.407,,,0
CVE-2021-27008,,,,Rejected reason: DO NOT USE THIS CANDIDATE NUMBER. ConsultIDs: none. Reason: This candidate was in a CNA pool that was not assigned to any issues during 2021. Notes: none,2022-02-28T22:15:15.300,,,0
CVE-2021-27009,,,,Rejected reason: DO NOT USE THIS CANDIDATE NUMBER. ConsultIDs: none. Reason: This candidate was in a CNA pool that was not assigned to any issues during 2021. Notes: none,2022-02-28T22:15:15.347,,,0
CVE-2021-27010,,,,Rejected reason: DO NOT USE THIS CANDIDATE NUMBER. ConsultIDs: none. Reason: This candidate was in a CNA pool that was not assigned to any issues during 2021. Notes: none,2022-02-28T22:15:15.387,,,0
CVE-2021-27011,,,,Rejected reason: DO NOT USE THIS CANDIDATE NUMBER. ConsultIDs: none. Reason: This candidate was in a CNA pool that was not assigned to any issues during 2021. Notes: none,2022-02-28T22:15:15.430,,,0
CVE-2021-27012,,,,Rejected reason: DO NOT USE THIS CANDIDATE NUMBER. ConsultIDs: none. Reason: This candidate was in a CNA pool that was not assigned to any issues during 2021. Notes: none,2022-02-28T22:15:15.467,,,0
CVE-2021-27013,,,,Rejected reason: DO NOT USE THIS CANDIDATE NUMBER. ConsultIDs: none. Reason: This candidate was in a CNA pool that was not assigned to any issues during 2021. Notes: none,2022-02-28T22:15:15.517,,,0
CVE-2021-27014,,,,Rejected reason: DO NOT USE THIS CANDIDATE NUMBER. ConsultIDs: none. Reason: This candidate was in a CNA pool that was not assigned to any issues during 2021. Notes: none,2022-02-28T22:15:15.567,,,0
CVE-2021-27015,,,,Rejected reason: DO NOT USE THIS CANDIDATE NUMBER. ConsultIDs: none. Reason: This candidate was in a CNA pool that was not assigned to any issues during 2021. Notes: none,2022-02-28T22:15:15.613,,,0
CVE-2021-27016,,,,Rejected reason: DO NOT USE THIS CANDIDATE NUMBER. ConsultIDs: none. Reason: This candidate was in a CNA pool that was not assigned to any issues during 2021. Notes: none,2022-02-28T22:15:15.660,,,0
CVE-2021-27000,,,,Rejected reason: DO NOT USE THIS CANDIDATE NUMBER. ConsultIDs: none. Reason: This candidate was in a CNA pool that was not assigned to any issues during 2021. Notes: none,2022-02-28T23:15:11.917,,,0
CVE-2021-36810,,,,Rejected reason: DO NOT USE THIS CANDIDATE NUMBER. ConsultIDs: none. Reason: This candidate was in a CNA pool that was not assigned to any issues during 2021. Notes: none,2022-02-28T23:15:11.967,,,0
CVE-2021-36811,,,,Rejected reason: DO NOT USE THIS CANDIDATE NUMBER. ConsultIDs: none. Reason: This candidate was in a CNA pool that was not assigned to any issues during 2021. Notes: none,2022-02-28T23:15:12.007,,,0
CVE-2021-36812,,,,Rejected reason: DO NOT USE THIS CANDIDATE NUMBER. ConsultIDs: none. Reason: This candidate was in a CNA pool that was not assigned to any issues during 2021. Notes: none,2022-02-28T23:15:12.060,,,0
CVE-2021-36813,,,,Rejected reason: DO NOT USE THIS CANDIDATE NUMBER. ConsultIDs: none. Reason: This candidate was in a CNA pool that was not assigned to any issues during 2021. Notes: none,2022-02-28T23:15:12.100,,,0
CVE-2021-36814,,,,Rejected reason: DO NOT USE THIS CANDIDATE NUMBER. ConsultIDs: none. Reason: This candidate was in a CNA pool that was not assigned to any issues during 2021. Notes: none,2022-02-28T23:15:12.140,,,0
CVE-2021-36815,,,,Rejected reason: DO NOT USE THIS CANDIDATE NUMBER. ConsultIDs: none. Reason: This candidate was in a CNA pool that was not assigned to any issues during 2021. Notes: none,2022-02-28T23:15:12.180,,,0
CVE-2021-36816,,,,Rejected reason: DO NOT USE THIS CANDIDATE NUMBER. ConsultIDs: none. Reason: This candidate was in a CNA pool that was not assigned to any issues during 2021. Notes: none,2022-02-28T23:15:12.217,,,0
CVE-2021-36817,,,,Rejected reason: DO NOT USE THIS CANDIDATE NUMBER. ConsultIDs: none. Reason: This candidate was in a CNA pool that was not assigned to any issues during 2021. Notes: none,2022-02-28T23:15:12.257,,,0
CVE-2021-36818,,,,Rejected reason: DO NOT USE THIS CANDIDATE NUMBER. ConsultIDs: none. Reason: This candidate was in a CNA pool that was not assigned to any issues during 2021. Notes: none,2022-02-28T23:15:12.293,,,0
CVE-2021-36819,,,,Rejected reason: DO NOT USE THIS CANDIDATE NUMBER. ConsultIDs: none. Reason: This candidate was in a CNA pool that was not assigned to any issues during 2021. Notes: none,2022-02-28T23:15:12.330,,,0
CVE-2021-36820,,,,Rejected reason: DO NOT USE THIS CANDIDATE NUMBER. ConsultIDs: none. Reason: This candidate was in a CNA pool that was not assigned to any issues during 2021. Notes: none,2022-02-28T23:15:12.370,,,0
CVE-2022-25029,,,,Rejected reason: DO NOT USE THIS CANDIDATE NUMBER. ConsultIDs: CVE-2022-25096. Reason: This candidate is a duplicate of CVE-2022-25096. Notes: All CVE users should reference CVE-2022-25096 instead of this candidate. All references and descriptions in this candidate have been removed to prevent accidental usage,2022-02-28T23:15:12.603,,,0
CVE-2021-22686,,,,Rejected reason: DO NOT USE THIS CANDIDATE NUMBER. ConsultIDs: none. Reason: This candidate was in a CNA pool that was not assigned to any issues during 2021. Notes: none,2022-03-03T22:15:07.937,,,0
CVE-2021-22687,,,,Rejected reason: DO NOT USE THIS CANDIDATE NUMBER. ConsultIDs: none. Reason: This candidate was in a CNA pool that was not assigned to any issues during 2021. Notes: none,2022-03-03T22:15:07.980,,,0
CVE-2021-22688,,,,Rejected reason: DO NOT USE THIS CANDIDATE NUMBER. ConsultIDs: none. Reason: This candidate was in a CNA pool that was not assigned to any issues during 2021. Notes: none,2022-03-03T22:15:08.020,,,0
CVE-2021-22689,,,,Rejected reason: DO NOT USE THIS CANDIDATE NUMBER. ConsultIDs: none. Reason: This candidate was in a CNA pool that was not assigned to any issues during 2021. Notes: none,2022-03-03T22:15:08.060,,,0
CVE-2021-22690,,,,Rejected reason: DO NOT USE THIS CANDIDATE NUMBER. ConsultIDs: none. Reason: This candidate was in a CNA pool that was not assigned to any issues during 2021. Notes: none,2022-03-03T22:15:08.100,,,0
CVE-2021-22691,,,,Rejected reason: DO NOT USE THIS CANDIDATE NUMBER. ConsultIDs: none. Reason: This candidate was in a CNA pool that was not assigned to any issues during 2021. Notes: none,2022-03-03T22:15:08.140,,,0
CVE-2021-22692,,,,Rejected reason: DO NOT USE THIS CANDIDATE NUMBER. ConsultIDs: none. Reason: This candidate was in a CNA pool that was not assigned to any issues during 2021. Notes: none,2022-03-03T22:15:08.213,,,0
CVE-2021-22693,,,,Rejected reason: DO NOT USE THIS CANDIDATE NUMBER. ConsultIDs: none. Reason: This candidate was in a CNA pool that was not assigned to any issues during 2021. Notes: none,2022-03-03T22:15:08.250,,,0
CVE-2021-22694,,,,Rejected reason: DO NOT USE THIS CANDIDATE NUMBER. ConsultIDs: none. Reason: This candidate was in a CNA pool that was not assigned to any issues during 2021. Notes: none,2022-03-03T22:15:08.287,,,0
CVE-2021-22695,,,,Rejected reason: DO NOT USE THIS CANDIDATE NUMBER. ConsultIDs: none. Reason: This candidate was in a CNA pool that was not assigned to any issues during 2021. Notes: none,2022-03-03T22:15:08.327,,,0
CVE-2021-38577,,,,Rejected reason: DO NOT USE THIS CANDIDATE NUMBER. Reason: This CVE has been rejected as it was incorrectly assigned. All references and descriptions in this candidate have been removed to prevent accidental usage.,2022-03-03T22:15:08.373,,,0
CVE-2021-46380,,,,Rejected reason: DO NOT USE THIS CANDIDATE NUMBER. ConsultIDs: Reason: This is a duplicate to CVE-2022-22511 Notes,2022-03-04T16:15:09.683,,,0
CVE-2022-24727,,,,Rejected reason: DO NOT USE THIS CANDIDATE NUMBER. ConsultIDs: CVE-2022-23915. Reason: This candidate is a reservation duplicate of CVE-2022-23915. Notes: All CVE users should reference CVE-2022-23915 instead of this candidate. All references and descriptions in this candidate have been removed to prevent accidental usage,2022-03-04T17:15:07.950,,,0
CVE-2022-26487,,,,Rejected reason: DO NOT USE THIS CANDIDATE NUMBER. ConsultIDs: CVE-2022-26143. Reason: This candidate is a reservation duplicate of CVE-2022-26143. Notes: All CVE users should reference CVE-2022-26143 instead of this candidate. All references and descriptions in this candidate have been removed to prevent accidental usage,2022-03-06T03:15:07.067,,,0
CVE-2020-36123,,,,Rejected reason: DO NOT USE THIS CANDIDATE NUMBER. ConsultIDs: none. Reason: This candidate was withdrawn by its CNA. Further investigation showed that it was not a security issue. Notes: none.,2022-03-10T17:41:20.330,,,0
CVE-2021-32501,,,,Rejected reason: DO NOT USE THIS CANDIDATE NUMBER. ConsultIDs: none. Reason: This candidate was in a CNA pool that was not assigned to any issues during 2021. Notes: none,2022-03-10T17:42:14.873,,,0
CVE-2021-32502,,,,Rejected reason: DO NOT USE THIS CANDIDATE NUMBER. ConsultIDs: none. Reason: This candidate was in a CNA pool that was not assigned to any issues during 2021. Notes: none,2022-03-10T17:42:15.037,,,0
CVE-2021-32505,,,,Rejected reason: DO NOT USE THIS CANDIDATE NUMBER. ConsultIDs: none. Reason: This candidate was in a CNA pool that was not assigned to any issues during 2021. Notes: none,2022-03-10T17:42:15.203,,,0
CVE-2021-3558,,,,Rejected reason: DO NOT USE THIS CANDIDATE NUMBER. ConsultIDs: none. Reason: This candidate was withdrawn by its CNA. Further investigation showed that it was not a security issue. Notes: none,2022-03-10T17:42:53.107,,,0
CVE-2021-42186,,,,Rejected reason: DO NOT USE THIS CANDIDATE NUMBER. ConsultIDs: none. Reason: This candidate was withdrawn by its CNA. Further investigation showed that it was not a security issue. Notes: none,2022-03-10T17:44:03.727,,,0
CVE-2022-26333,,,,Rejected reason: DO NOT USE THIS CANDIDATE NUMBER. ConsultIDs: none. Reason: This candidate was withdrawn by its CNA. Notes: none,2022-03-10T17:47:36.083,,,0
CVE-2021-44597,,,,Rejected reason: DO NOT USE THIS CANDIDATE NUMBER. ConsultIDs: CVE-2021-43857. Reason: This candidate is a reservation duplicate of CVE-2021-43857. Notes: All CVE users should reference CVE-2021-43857 instead of this candidate. All references and descriptions in this candidate have been removed to prevent accidental usage.,2022-03-10T21:15:14.520,,,0
CVE-2022-26351,,,,Rejected reason: DO NOT USE THIS CANDIDATE NUMBER. ConsultIDs: CVE-2022-26320. Reason: This candidate is a reservation duplicate of CVE-2022-26320. Notes: All CVE users should reference CVE-2022-26320 instead of this candidate. All references and descriptions in this candidate have been removed to prevent accidental usage,2022-03-14T18:15:08.160,,,0
CVE-2021-39705,,,,Rejected reason: DO NOT USE THIS CANDIDATE NUMBER. ConsultIDs: none. Reason: This candidate was withdrawn by its CNA. Further investigation showed that it was not a security issue. Notes: none,2022-03-16T15:15:10.967,,,0
CVE-2021-44907,,,,Rejected reason: DO NOT USE THIS CANDIDATE NUMBER. ConsultIDs: none. Reason: This candidate was withdrawn by its CNA. Further investigation showed that it was not a security issue. Notes: none,2022-03-17T21:15:07.947,,,0
CVE-2022-22623,,,,Rejected reason: DO NOT USE THIS CANDIDATE NUMBER. ConsultIDs: none. Reason: This candidate was withdrawn by its CNA. Further investigation showed that it was not a security issue. Notes: none,2022-03-18T18:15:13.910,,,0
CVE-2022-26502,,,,Rejected reason: DO NOT USE THIS CANDIDATE NUMBER. ConsultIDs: none. Reason: This candidate was withdrawn by its CNA. Further investigation showed that it was not a security issue. Notes: none,2022-03-18T19:15:07.627,,,0
CVE-2022-0886,,,,Rejected reason: DO NOT USE THIS CANDIDATE NUMBER. ConsultIDs: CVE-2022-27666. Reason: This candidate is a reservation duplicate of CVE-2022-27666. Notes: All CVE users should reference CVE-2022-27666 instead of this candidate. All references and descriptions in this candidate have been removed to prevent accidental usage,2022-03-23T14:15:07.923,,,0
CVE-2021-43085,,,,Rejected reason: DO NOT USE THIS CANDIDATE NUMBER. ConsultIDs: none. Reason: This candidate was withdrawn by its CNA. Further investigation showed that it was not a security issue. Notes: none,2022-03-24T18:15:08.167,,,0
CVE-2022-26200,,,,Rejected reason: DO NOT USE THIS CANDIDATE NUMBER. ConsultIDs: none. Reason: This candidate was withdrawn by its CNA. Further investigation showed that it was not a security issue. Notes: none,2022-03-27T00:15:10.103,,,0
CVE-2022-26620,,,,Rejected reason: DO NOT USE THIS CANDIDATE NUMBER. ConsultIDs: none. Reason: This candidate was withdrawn by its CNA. Further investigation showed that it was not a security issue. Notes: none,2022-03-27T00:15:10.147,,,0
CVE-2021-44103,,,,Rejected reason: DO NOT USE THIS CANDIDATE NUMBER. ConsultIDs: CVE-2021-42192. Reason: This candidate is a duplicate of CVE-2021-42192. Notes: All CVE users should reference CVE-2021-42192 instead of this candidate. All references and descriptions in this candidate have been removed to prevent accidental usage,2022-03-28T14:15:07.673,,,0
CVE-2022-1072,,,,Rejected reason: DO NOT USE THIS CANDIDATE NUMBER. ConsultIDs: CVE-2022-26254. Reason: This candidate is a reservation duplicate of CVE-2022-26254. Notes: All CVE users should reference CVE-2022-26254 instead of this candidate. All references and descriptions in this candidate have been removed to prevent accidental usage,2022-03-29T06:15:06.977,,,0
CVE-2021-46439,,,,Rejected reason: DO NOT USE THIS CANDIDATE NUMBER. ConsultIDs: none. Reason: This candidate was withdrawn by its CNA. Further investigation sho,2022-03-31T22:15:08.347,,,0
